{
  "probe": "cb_peft",
  "rows": [
    {
      "frac": 0.01,
      "miou": 54.33522384767365,
      "delta_miou": -1.9329487040156934,
      "delta_patches": -0.11529511222082789,
      "verdict": "NO-GO"
    },
    {
      "frac": 0.1,
      "miou": 71.24470801221823,
      "delta_miou": -0.5731964871797999,
      "delta_patches": 2.1702916090224917,
      "verdict": "MAYBE"
    }
  ]
}