{
  "dataset": "neu_seg",
  "method": "sam2_lora_cb_f0100_s0",
  "label": "SAM2+LoRA+FPN + CB-PEFT (Probe-A)",
  "probe": "cb_peft",
  "frac": 0.1,
  "n_images": 120,
  "seed": 0,
  "miou_global": 0.7124470801221823,
  "per_class": {
    "background": 0.9589014099275005,
    "patches": 0.6295366298953432,
    "inclusion": 0.753842469992792,
    "scratches": 0.7539621404784116
  },
  "best_epoch": 8,
  "cb_weights": [
    0.9335219236209334,
    0.8486562942008485,
    0.9335219236209334,
    0.9335219236209334,
    0.8486562942008485,
    0.8486562942008485,
    0.8486562942008485,
    0.8486562942008485,
    0.8486562942008485,
    0.9335219236209334,
    0.8486562942008485,
    0.9335219236209334,
    0.9335219236209334,
    0.9335219236209334,
    0.8486562942008485,
    1.2283183205538597,
    1.2283183205538597,
    0.9335219236209334,
    0.9335219236209334,
    0.9335219236209334,
    0.8486562942008485,
    1.2283183205538597,
    1.2283183205538597,
    1.2283183205538597,
    1.2283183205538597,
    0.8486562942008485,
    0.8486562942008485,
    0.8486562942008485,
    0.9335219236209334,
    0.9335219236209334,
    0.8486562942008485,
    0.9335219236209334,
    0.8486562942008485,
    0.8486562942008485,
    0.8486562942008485,
    0.9335219236209334,
    1.2283183205538597,
    0.9335219236209334,
    0.9335219236209334,
    0.9335219236209334,
    0.8486562942008485,
    0.9335219236209334,
    0.8486562942008485,
    0.9335219236209334,
    0.9335219236209334,
    0.8486562942008485,
    1.2283183205538597,
    1.2283183205538597,
    0.9335219236209334,
    0.9335219236209334,
    0.8486562942008485,
    1.2283183205538597,
    0.9335219236209334,
    1.2283183205538597,
    0.8486562942008485,
    0.9335219236209334,
    1.2283183205538597,
    1.2283183205538597,
    0.9335219236209334,
    0.9335219236209334,
    1.2283183205538597,
    1.2283183205538597,
    1.2283183205538597,
    0.9335219236209334,
    1.2283183205538597,
    0.8486562942008485,
    0.8486562942008485,
    0.9335219236209334,
    0.8486562942008485,
    0.9335219236209334,
    0.9335219236209334,
    1.2283183205538597,
    0.8486562942008485,
    1.2283183205538597,
    0.9335219236209334,
    1.2283183205538597,
    0.8486562942008485,
    0.9335219236209334,
    0.8486562942008485,
    1.2283183205538597,
    1.2283183205538597,
    0.9335219236209334,
    0.8486562942008485,
    1.2283183205538597,
    0.9335219236209334,
    1.2283183205538597,
    0.9335219236209334,
    0.8486562942008485,
    0.9335219236209334,
    0.8486562942008485,
    1.2283183205538597,
    0.8486562942008485,
    0.8486562942008485,
    1.2283183205538597,
    1.2283183205538597,
    1.2283183205538597,
    1.2283183205538597,
    0.9335219236209334,
    1.2283183205538597,
    1.2283183205538597,
    0.9335219236209334,
    0.9335219236209334,
    0.8486562942008485,
    1.2283183205538597,
    0.9335219236209334,
    1.2283183205538597,
    0.8486562942008485,
    1.2283183205538597,
    0.9335219236209334,
    1.2283183205538597,
    0.8486562942008485,
    0.9335219236209334,
    0.8486562942008485,
    0.8486562942008485,
    0.9335219236209334,
    1.2283183205538597,
    1.2283183205538597,
    1.2283183205538597,
    0.8486562942008485,
    0.9335219236209334
  ],
  "img_class_counts": {
    "patches": 55,
    "inclusion": 38,
    "scratches": 50
  },
  "head_params": 459716,
  "time_s": 513.4,
  "paper_de_protocol": true
}