{
  "dataset": "neu_seg",
  "method": "sam2_lora_boundary_f0010_s0",
  "label": "SAM2+LoRA + Boundary-weighted CE (Probe-2)",
  "loss_mode": "boundary",
  "frac": 0.01,
  "n_images": 12,
  "seed": 0,
  "miou_global": 0.5443868751928586,
  "per_class": {
    "background": 0.9461807287845233,
    "patches": 0.36940998801700603,
    "inclusion": 0.6701225276298693,
    "scratches": 0.5936281099317002
  },
  "best_epoch": 24,
  "class_weights": null,
  "time_s": 808.8,
  "paper_de_protocol": true
}