{
  "dataset": "neu_seg",
  "method": "sam2_lora_rarity_f0010_s0",
  "label": "SAM2+LoRA + Rarity-weighted CE (Probe-1)",
  "loss_mode": "rarity",
  "frac": 0.01,
  "n_images": 12,
  "seed": 0,
  "miou_global": 0.5185713989060723,
  "per_class": {
    "background": 0.9360808742915067,
    "patches": 0.3457654523145646,
    "inclusion": 0.6367559306090431,
    "scratches": 0.5731928137946091
  },
  "best_epoch": 24,
  "class_weights": [
    0.22181086551495238,
    1.6082426241025785,
    0.7605889710829038,
    1.4093575392995656
  ],
  "time_s": 812.4,
  "paper_de_protocol": true
}