{
  "dataset": "severstal",
  "method": "ddsnet_approx",
  "label": "DDSNet* (UNet-R50+BndLoss)",
  "paper": "Yin et al., IEEE TIM 2024 (approx. reproduction under our protocol)",
  "frac": 1.0,
  "n_images": 1200,
  "seed": 1,
  "miou_global": 0.19234573482695605,
  "per_class": {
    "background": 0.9922770043922599,
    "class1": 0.0,
    "class2": 0.0,
    "class3": 0.3712707692198476,
    "class4": 0.39811217008797656
  },
  "best_epoch": 75,
  "time_s": 465.1
}