{
  "dataset": "severstal",
  "method": "ddsnet_approx",
  "label": "DDSNet* (UNet-R50+BndLoss)",
  "paper": "Yin et al., IEEE TIM 2024 (approx. reproduction under our protocol)",
  "frac": 0.1,
  "n_images": 120,
  "seed": 1,
  "miou_global": 0.10878271229713665,
  "per_class": {
    "background": 0.9918681554984373,
    "class1": 0.0,
    "class2": 0.0,
    "class3": 0.22986295184500766,
    "class4": 0.20526789734353895
  },
  "best_epoch": 40,
  "time_s": 70.5
}