{
  "dataset": "severstal",
  "method": "ddsnet_approx",
  "label": "DDSNet* (UNet-R50+BndLoss)",
  "paper": "Yin et al., IEEE TIM 2024 (approx. reproduction under our protocol)",
  "frac": 0.05,
  "n_images": 60,
  "seed": 2,
  "miou_global": 0.09504522169194068,
  "per_class": {
    "background": 0.9915461493770557,
    "class1": 0.0,
    "class2": 0.0,
    "class3": 0.26939088874230904,
    "class4": 0.1107899980254537
  },
  "best_epoch": 60,
  "time_s": 47.0
}