{
  "dataset": "severstal",
  "method": "ddsnet_approx",
  "label": "DDSNet* (UNet-R50+BndLoss)",
  "paper": "Yin et al., IEEE TIM 2024 (approx. reproduction under our protocol)",
  "frac": 0.25,
  "n_images": 300,
  "seed": 0,
  "miou_global": 0.1578506664356298,
  "per_class": {
    "background": 0.9925394723477974,
    "class1": 0.0,
    "class2": 0.0,
    "class3": 0.3342485467042851,
    "class4": 0.29715411903823413
  },
  "best_epoch": 80,
  "time_s": 135.1
}