{
  "dataset": "severstal",
  "method": "deeplabv3plus",
  "label": "DeepLabV3+",
  "paper": "Chen et al., ECCV 2018 (backbone: He et al., CVPR 2016)",
  "frac": 0.01,
  "n_images": 12,
  "seed": 2,
  "miou_global": 0.0023921580554045474,
  "per_class": {
    "background": 0.9680610961181898,
    "class1": 0.0,
    "class2": 0.0,
    "class3": 0.00956863222161819,
    "class4": 0.0
  },
  "best_epoch": 5,
  "time_s": 22.9
}