{
  "dataset": "severstal",
  "method": "deeplabv3plus",
  "label": "DeepLabV3+",
  "paper": "Chen et al., ECCV 2018 (backbone: He et al., CVPR 2016)",
  "frac": 0.05,
  "n_images": 60,
  "seed": 0,
  "miou_global": 0.08941427685546041,
  "per_class": {
    "background": 0.9908009157367926,
    "class1": 0.023733333333333332,
    "class2": 0.0,
    "class3": 0.2349132988150259,
    "class4": 0.09901047527348236
  },
  "best_epoch": 60,
  "time_s": 34.2
}