{
  "dataset": "severstal",
  "method": "deeplabv3plus",
  "label": "DeepLabV3+",
  "paper": "Chen et al., ECCV 2018 (backbone: He et al., CVPR 2016)",
  "frac": 1.0,
  "n_images": 1200,
  "seed": 2,
  "miou_global": 0.25331958118037246,
  "per_class": {
    "background": 0.9921005686558328,
    "class1": 0.11406799531066823,
    "class2": 0.1735708367854184,
    "class3": 0.36576665491716603,
    "class4": 0.35987283770823714
  },
  "best_epoch": 50,
  "time_s": 228.6
}