{
  "dataset": "severstal",
  "method": "deeplabv3plus",
  "label": "DeepLabV3+",
  "paper": "Chen et al., ECCV 2018 (backbone: He et al., CVPR 2016)",
  "frac": 1.0,
  "n_images": 1200,
  "seed": 1,
  "miou_global": 0.2595318104000283,
  "per_class": {
    "background": 0.9925482702551267,
    "class1": 0.13068389613556017,
    "class2": 0.10573630136986302,
    "class3": 0.40408839266273794,
    "class4": 0.39761865143195224
  },
  "best_epoch": 60,
  "time_s": 227.9
}