{
  "dataset": "severstal",
  "method": "deeplabv3plus",
  "label": "DeepLabV3+",
  "paper": "Chen et al., ECCV 2018 (backbone: He et al., CVPR 2016)",
  "frac": 0.25,
  "n_images": 300,
  "seed": 1,
  "miou_global": 0.14155382252786136,
  "per_class": {
    "background": 0.9906696489877942,
    "class1": 0.02267674522009782,
    "class2": 0.0,
    "class3": 0.2939763458795269,
    "class4": 0.24956219901182064
  },
  "best_epoch": 60,
  "time_s": 74.4
}