{
  "dataset": "severstal",
  "method": "deeplabv3plus",
  "label": "DeepLabV3+",
  "paper": "Chen et al., ECCV 2018 (backbone: He et al., CVPR 2016)",
  "frac": 1.0,
  "n_images": 1200,
  "seed": 0,
  "miou_global": 0.24416807012704747,
  "per_class": {
    "background": 0.9922755109427258,
    "class1": 0.11276504604840437,
    "class2": 0.10788199031263761,
    "class3": 0.3714917151131143,
    "class4": 0.3845335290340336
  },
  "best_epoch": 60,
  "time_s": 228.5
}