{
  "dataset": "severstal",
  "method": "deeplabv3plus",
  "label": "DeepLabV3+",
  "paper": "Chen et al., ECCV 2018 (backbone: He et al., CVPR 2016)",
  "frac": 0.25,
  "n_images": 300,
  "seed": 0,
  "miou_global": 0.1491647866792451,
  "per_class": {
    "background": 0.9919257836374348,
    "class1": 0.012983266012694748,
    "class2": 0.0,
    "class3": 0.28791400348634516,
    "class4": 0.2957618772179405
  },
  "best_epoch": 50,
  "time_s": 74.8
}