{
  "dataset": "severstal",
  "method": "hybrid_trans_approx",
  "label": "Hybrid-Trans* (UPerNet-MiT-B4)",
  "paper": "Sime et al., MTA 2024 (approx. reproduction under our protocol)",
  "frac": 0.01,
  "n_images": 12,
  "seed": 0,
  "miou_global": 0.006147215057654178,
  "per_class": {
    "background": 0.975794181369947,
    "class1": 0.0006987805152942767,
    "class2": 0.0,
    "class3": 0.023890079715322435,
    "class4": 0.0
  },
  "best_epoch": 10,
  "time_s": 36.4
}