{
  "dataset": "severstal",
  "method": "hybrid_trans_approx",
  "label": "Hybrid-Trans* (UPerNet-MiT-B4)",
  "paper": "Sime et al., MTA 2024 (approx. reproduction under our protocol)",
  "frac": 0.01,
  "n_images": 12,
  "seed": 2,
  "miou_global": 0.0005320940368767808,
  "per_class": {
    "background": 0.0,
    "class1": 0.000697350069735007,
    "class2": 5.169069963458178e-05,
    "class3": 0.0013793353781375343,
    "class4": 0.0
  },
  "best_epoch": 5,
  "time_s": 33.8
}