{
  "dataset": "severstal",
  "method": "mff_metal_approx",
  "label": "MFF-Metal* (UNet++-R34+MultiLoss)",
  "paper": "Li et al., J.Supercomputing 2025 (approx. reproduction under our protocol)",
  "frac": 0.01,
  "n_images": 12,
  "seed": 1,
  "miou_global": 0.0011853419743460074,
  "per_class": {
    "background": 0.7794538713278008,
    "class1": 0.00041406498458670645,
    "class2": 0.0,
    "class3": 0.0019113026665592524,
    "class4": 0.0024160002462380705
  },
  "best_epoch": 5,
  "time_s": 25.0
}