{
  "dataset": "severstal",
  "method": "mff_metal_approx",
  "label": "MFF-Metal* (UNet++-R34+MultiLoss)",
  "paper": "Li et al., J.Supercomputing 2025 (approx. reproduction under our protocol)",
  "frac": 0.01,
  "n_images": 12,
  "seed": 2,
  "miou_global": 0.00398290402054264,
  "per_class": {
    "background": 0.6242732142560508,
    "class1": 7.805591070752668e-05,
    "class2": 0.0,
    "class3": 0.015029478110761446,
    "class4": 0.0008240820607015867
  },
  "best_epoch": 5,
  "time_s": 24.8
}