{
  "dataset": "severstal",
  "method": "pspnet",
  "label": "PSPNet",
  "paper": "Zhao et al., CVPR 2017 (backbone: He et al., CVPR 2016)",
  "frac": 0.01,
  "n_images": 12,
  "seed": 1,
  "miou_global": 0.0003875634140137171,
  "per_class": {
    "background": 0.9903926417541966,
    "class1": 0.0,
    "class2": 0.0,
    "class3": 0.0015502536560548683,
    "class4": 0.0
  },
  "best_epoch": 5,
  "time_s": 22.3
}