{
  "dataset": "severstal",
  "method": "sam2_lora",
  "label": "SAM2(frozen)+LoRA+FPN (Ours)",
  "paper": "SAM2: Ravi et al. 2024; LoRA: Hu et al., ICLR 2022",
  "frac": 0.1,
  "n_images": 120,
  "seed": 2,
  "miou_global": 0.25904517975155095,
  "per_class": {
    "background": 0.994259112475288,
    "class1": 0.07932533930689155,
    "class2": 0.0,
    "class3": 0.44883268317143027,
    "class4": 0.5080226965278821
  },
  "best_epoch": 16,
  "time_s": 797.9
}