{
  "dataset": "severstal",
  "method": "sam2_lora",
  "label": "SAM2(frozen)+LoRA+FPN (Ours)",
  "paper": "SAM2: Ravi et al. 2024; LoRA: Hu et al., ICLR 2022",
  "frac": 0.1,
  "n_images": 120,
  "seed": 0,
  "miou_global": 0.2613409211009765,
  "per_class": {
    "background": 0.9947163604347161,
    "class1": 0.06127736753465475,
    "class2": 0.0,
    "class3": 0.5105539561645389,
    "class4": 0.4735323607047124
  },
  "best_epoch": 19,
  "time_s": 902.6
}