{
  "dataset": "severstal",
  "method": "sam2_lora",
  "label": "SAM2(frozen)+LoRA+FPN (Ours)",
  "paper": "SAM2: Ravi et al. 2024; LoRA: Hu et al., ICLR 2022",
  "frac": 0.05,
  "n_images": 60,
  "seed": 0,
  "miou_global": 0.23818861282399428,
  "per_class": {
    "background": 0.9942476148693786,
    "class1": 0.05912631222485608,
    "class2": 0.0,
    "class3": 0.42505529691811844,
    "class4": 0.46857284215300254
  },
  "best_epoch": 19,
  "time_s": 796.8
}