{
  "dataset": "severstal",
  "method": "sam2_lora",
  "label": "SAM2(frozen)+LoRA+FPN (Ours)",
  "paper": "SAM2: Ravi et al. 2024; LoRA: Hu et al., ICLR 2022",
  "frac": 0.01,
  "n_images": 12,
  "seed": 0,
  "miou_global": 0.1626348778788616,
  "per_class": {
    "background": 0.9903699661526993,
    "class1": 0.0,
    "class2": 0.0,
    "class3": 0.32738189153856556,
    "class4": 0.3231576199768809
  },
  "best_epoch": 13,
  "time_s": 547.5
}