{
  "dataset": "severstal",
  "method": "sam2_lora",
  "label": "SAM2(frozen)+LoRA+FPN (Ours)",
  "paper": "SAM2: Ravi et al. 2024; LoRA: Hu et al., ICLR 2022",
  "frac": 0.01,
  "n_images": 12,
  "seed": 2,
  "miou_global": 0.08668490677575677,
  "per_class": {
    "background": 0.9917307240596344,
    "class1": 0.0,
    "class2": 0.0,
    "class3": 0.3461400754633837,
    "class4": 0.0005995516396433971
  },
  "best_epoch": 15,
  "time_s": 602.1
}