{
  "dataset": "severstal",
  "method": "segformer",
  "label": "SegFormer",
  "paper": "Xie et al., NeurIPS 2021",
  "frac": 0.1,
  "n_images": 120,
  "seed": 2,
  "miou_global": 0.06987112240434698,
  "per_class": {
    "background": 0.990508495863599,
    "class1": 0.0008873830267828332,
    "class2": 0.0,
    "class3": 0.13944704407132152,
    "class4": 0.13915006251928355
  },
  "best_epoch": 60,
  "time_s": 43.8
}