{
  "dataset": "severstal",
  "method": "segformer",
  "label": "SegFormer",
  "paper": "Xie et al., NeurIPS 2021",
  "frac": 0.1,
  "n_images": 120,
  "seed": 0,
  "miou_global": 0.06554482409876912,
  "per_class": {
    "background": 0.9909078891786811,
    "class1": 0.0,
    "class2": 0.0,
    "class3": 0.15543272105261075,
    "class4": 0.10674657534246575
  },
  "best_epoch": 45,
  "time_s": 43.6
}