{
  "dataset": "severstal",
  "method": "segformer",
  "label": "SegFormer",
  "paper": "Xie et al., NeurIPS 2021",
  "frac": 0.01,
  "n_images": 12,
  "seed": 1,
  "miou_global": 0.0010459170730660558,
  "per_class": {
    "background": 0.9134427859603246,
    "class1": 2.1247599762422186e-05,
    "class2": 0.0028578232912598238,
    "class3": 0.0,
    "class4": 0.0013045974012419767
  },
  "best_epoch": 5,
  "time_s": 23.3
}