{
  "dataset": "severstal",
  "method": "segformer",
  "label": "SegFormer",
  "paper": "Xie et al., NeurIPS 2021",
  "frac": 0.05,
  "n_images": 60,
  "seed": 2,
  "miou_global": 0.027940525120469087,
  "per_class": {
    "background": 0.9889822939284332,
    "class1": 0.0,
    "class2": 0.0,
    "class3": 0.07639365051278081,
    "class4": 0.03536844996909553
  },
  "best_epoch": 60,
  "time_s": 33.7
}