{
  "dataset": "severstal",
  "method": "segformer",
  "label": "SegFormer",
  "paper": "Xie et al., NeurIPS 2021",
  "frac": 1.0,
  "n_images": 1200,
  "seed": 1,
  "miou_global": 0.1568831628513178,
  "per_class": {
    "background": 0.9906768213737952,
    "class1": 0.029025955902874687,
    "class2": 0.08484051298914831,
    "class3": 0.2583051475698466,
    "class4": 0.2553610349434015
  },
  "best_epoch": 60,
  "time_s": 226.8
}