{
  "dataset": "severstal",
  "method": "segformer",
  "label": "SegFormer",
  "paper": "Xie et al., NeurIPS 2021",
  "frac": 0.01,
  "n_images": 12,
  "seed": 0,
  "miou_global": 0.011835584827083863,
  "per_class": {
    "background": 0.6873804340757316,
    "class1": 0.0,
    "class2": 0.0,
    "class3": 0.04681092621687874,
    "class4": 0.0005314130914567123
  },
  "best_epoch": 5,
  "time_s": 22.8
}