{
  "dataset": "severstal",
  "method": "sme_dlv3p_approx",
  "label": "SME-DLV3+* (DLV3+-R50)",
  "paper": "Zhang et al., PLOS One 2025 (approx. reproduction under our protocol)",
  "frac": 0.1,
  "n_images": 120,
  "seed": 0,
  "miou_global": 0.07641334932350384,
  "per_class": {
    "background": 0.991646292228804,
    "class1": 0.0,
    "class2": 0.0,
    "class3": 0.3031505715229835,
    "class4": 0.00250282577103181
  },
  "best_epoch": 80,
  "time_s": 62.8
}