{
  "dataset": "severstal",
  "method": "sme_dlv3p_approx",
  "label": "SME-DLV3+* (DLV3+-R50)",
  "paper": "Zhang et al., PLOS One 2025 (approx. reproduction under our protocol)",
  "frac": 1.0,
  "n_images": 1200,
  "seed": 1,
  "miou_global": 0.19209594881412384,
  "per_class": {
    "background": 0.992606836640047,
    "class1": 0.0,
    "class2": 0.0,
    "class3": 0.3900102868077086,
    "class4": 0.37837350844878676
  },
  "best_epoch": 70,
  "time_s": 390.9
}