{
  "dataset": "severstal",
  "method": "sme_dlv3p_approx",
  "label": "SME-DLV3+* (DLV3+-R50)",
  "paper": "Zhang et al., PLOS One 2025 (approx. reproduction under our protocol)",
  "frac": 0.01,
  "n_images": 12,
  "seed": 0,
  "miou_global": 0.0406508092617829,
  "per_class": {
    "background": 0.9916168384489743,
    "class1": 0.0,
    "class2": 0.0,
    "class3": 0.1412823972415496,
    "class4": 0.021320839805582
  },
  "best_epoch": 80,
  "time_s": 28.8
}