{
  "dataset": "severstal",
  "method": "sme_dlv3p_approx",
  "label": "SME-DLV3+* (DLV3+-R50)",
  "paper": "Zhang et al., PLOS One 2025 (approx. reproduction under our protocol)",
  "frac": 0.05,
  "n_images": 60,
  "seed": 2,
  "miou_global": 0.07633945973684622,
  "per_class": {
    "background": 0.9867412534356873,
    "class1": 0.0,
    "class2": 0.0,
    "class3": 0.22548023081662852,
    "class4": 0.07987760813075634
  },
  "best_epoch": 40,
  "time_s": 43.5
}