{
  "dataset": "severstal",
  "method": "sme_dlv3p_approx",
  "label": "SME-DLV3+* (DLV3+-R50)",
  "paper": "Zhang et al., PLOS One 2025 (approx. reproduction under our protocol)",
  "frac": 0.25,
  "n_images": 300,
  "seed": 0,
  "miou_global": 0.17143667034289434,
  "per_class": {
    "background": 0.9921348409316704,
    "class1": 0.0,
    "class2": 0.0,
    "class3": 0.32039436172984487,
    "class4": 0.36535231964173254
  },
  "best_epoch": 80,
  "time_s": 116.8
}