{
  "dataset": "severstal",
  "method": "sme_dlv3p_approx",
  "label": "SME-DLV3+* (DLV3+-R50)",
  "paper": "Zhang et al., PLOS One 2025 (approx. reproduction under our protocol)",
  "frac": 0.25,
  "n_images": 300,
  "seed": 1,
  "miou_global": 0.16503443106874338,
  "per_class": {
    "background": 0.992207311963399,
    "class1": 0.0,
    "class2": 0.0,
    "class3": 0.34719986414149095,
    "class4": 0.31293786013348257
  },
  "best_epoch": 70,
  "time_s": 116.8
}