{
  "dataset": "severstal",
  "method": "unet_imagenet",
  "label": "U-Net (ImageNet)",
  "paper": "Ronneberger et al., MICCAI 2015; ImageNet pretrain: Russakovsky et al., IJCV 2015",
  "frac": 0.01,
  "n_images": 12,
  "seed": 2,
  "miou_global": 0.04721922222809346,
  "per_class": {
    "background": 0.9912130894888359,
    "class1": 0.0,
    "class2": 0.0,
    "class3": 0.1886364657676391,
    "class4": 0.00024042314473473312
  },
  "best_epoch": 60,
  "time_s": 21.7
}