{
  "dataset": "severstal",
  "method": "unet_imagenet",
  "label": "U-Net (ImageNet)",
  "paper": "Ronneberger et al., MICCAI 2015; ImageNet pretrain: Russakovsky et al., IJCV 2015",
  "frac": 1.0,
  "n_images": 1200,
  "seed": 0,
  "miou_global": 0.2747505514861175,
  "per_class": {
    "background": 0.9929234534385049,
    "class1": 0.18584686774941994,
    "class2": 0.06379036527263102,
    "class3": 0.4145538787970641,
    "class4": 0.4348110941253549
  },
  "best_epoch": 50,
  "time_s": 266.3
}