{
  "dataset": "severstal",
  "method": "unet",
  "label": "U-Net",
  "paper": "Ronneberger et al., MICCAI 2015 (backbone: He et al., CVPR 2016)",
  "frac": 0.1,
  "n_images": 120,
  "seed": 0,
  "miou_global": 0.10946419941703972,
  "per_class": {
    "background": 0.9918801732490142,
    "class1": 0.0,
    "class2": 0.0,
    "class3": 0.28545097479895115,
    "class4": 0.1524058228692077
  },
  "best_epoch": 55,
  "time_s": 48.4
}