{
  "dataset": "severstal",
  "method": "unet",
  "label": "U-Net",
  "paper": "Ronneberger et al., MICCAI 2015 (backbone: He et al., CVPR 2016)",
  "frac": 0.05,
  "n_images": 60,
  "seed": 2,
  "miou_global": 0.09142720843215167,
  "per_class": {
    "background": 0.9901793998225785,
    "class1": 0.0,
    "class2": 0.0,
    "class3": 0.2731999303760339,
    "class4": 0.09250890335257277
  },
  "best_epoch": 50,
  "time_s": 35.4
}