{
  "dataset": "severstal",
  "method": "unet",
  "label": "U-Net",
  "paper": "Ronneberger et al., MICCAI 2015 (backbone: He et al., CVPR 2016)",
  "frac": 0.05,
  "n_images": 60,
  "seed": 0,
  "miou_global": 0.0667122845034232,
  "per_class": {
    "background": 0.9914066658728334,
    "class1": 0.0,
    "class2": 0.0,
    "class3": 0.2666895550571526,
    "class4": 0.0001595829565402415
  },
  "best_epoch": 60,
  "time_s": 35.3
}