{
  "dataset": "severstal",
  "method": "unet",
  "label": "U-Net",
  "paper": "Ronneberger et al., MICCAI 2015 (backbone: He et al., CVPR 2016)",
  "frac": 1.0,
  "n_images": 1200,
  "seed": 0,
  "miou_global": 0.19882603851982855,
  "per_class": {
    "background": 0.9920719380545094,
    "class1": 0.07128417916799659,
    "class2": 0.04939287919324964,
    "class3": 0.3536123921012179,
    "class4": 0.3210147036168501
  },
  "best_epoch": 55,
  "time_s": 271.3
}