{
  "dataset": "severstal",
  "method": "unet_imagenet",
  "label": "U-Net (ImageNet)",
  "paper": "Ronneberger et al., MICCAI 2015; ImageNet pretrain: Russakovsky et al., IJCV 2015",
  "frac": 0.1,
  "n_images": 120,
  "seed": 0,
  "miou_global": 0.13933352810953797,
  "per_class": {
    "background": 0.9924195295833833,
    "class1": 0.0,
    "class2": 0.0,
    "class3": 0.3449726790790387,
    "class4": 0.21236143335911317
  },
  "best_epoch": 40,
  "time_s": 44.2
}