{
  "dataset": "severstal",
  "method": "unet_imagenet",
  "label": "U-Net (ImageNet)",
  "paper": "Ronneberger et al., MICCAI 2015; ImageNet pretrain: Russakovsky et al., IJCV 2015",
  "frac": 0.05,
  "n_images": 60,
  "seed": 1,
  "miou_global": 0.1084423459919345,
  "per_class": {
    "background": 0.9918806491358454,
    "class1": 0.0,
    "class2": 0.0,
    "class3": 0.2649747960218586,
    "class4": 0.16879458794587945
  },
  "best_epoch": 50,
  "time_s": 31.8
}