{
  "dataset": "severstal",
  "method": "defectsam2",
  "label": "SAM2(frozen)+LoRA+DefectSAM2 (Ours)",
  "paper": "DefectSAM2: CGFA+MGFA hierarchical adaptation; SAM2: Ravi et al. 2024; LoRA: Hu et al. ICLR 2022; DefectSAM: Yan et al. TNNLS 2025",
  "frac": 1.0,
  "n_images": 1200,
  "seed": 1,
  "miou_global": 0.3466625668437828,
  "per_class": {
    "background": 0.9952716349437217,
    "class1": 0.2163896848137536,
    "class2": 0.010421601136901942,
    "class3": 0.5631634495095822,
    "class4": 0.5966755319148936
  },
  "best_epoch": 21,
  "head_params": 580490,
  "time_s": 3122.4,
  "paper_de_protocol": true,
  "architecture": "DefectSAM2Head(CGFA+MGFA+FPN)"
}