{
  "dataset": "severstal",
  "method": "defectsam2",
  "label": "SAM2(frozen)+LoRA+DefectSAM2 (Ours)",
  "paper": "DefectSAM2: CGFA+MGFA hierarchical adaptation; SAM2: Ravi et al. 2024; LoRA: Hu et al. ICLR 2022; DefectSAM: Yan et al. TNNLS 2025",
  "frac": 1.0,
  "n_images": 1200,
  "seed": 2,
  "miou_global": 0.3479129470373187,
  "per_class": {
    "background": 0.995056641093263,
    "class1": 0.18941679235796882,
    "class2": 0.015137614678899083,
    "class3": 0.577354467752118,
    "class4": 0.6097429133602889
  },
  "best_epoch": 16,
  "head_params": 580490,
  "time_s": 2562.8,
  "paper_de_protocol": true,
  "architecture": "DefectSAM2Head(CGFA+MGFA+FPN)"
}