{
  "dataset": "neu_seg",
  "method": "ddsnet_approx",
  "label": "DDSNet* (UNet-R50+BndLoss)",
  "paper": "Yin et al., IEEE TIM 2024 (approx. reproduction under our protocol)",
  "frac": 0.05,
  "n_images": 60,
  "seed": 0,
  "miou_global": 0.5924628332115253,
  "per_class": {
    "background": 0.9424927230403096,
    "patches": 0.4310790947111539,
    "inclusion": 0.7120702005396162,
    "scratches": 0.6342392043838057
  },
  "best_epoch": 75,
  "time_s": 36.9
}