{
  "dataset": "neu_seg",
  "method": "ddsnet_approx",
  "label": "DDSNet* (UNet-R50+BndLoss)",
  "paper": "Yin et al., IEEE TIM 2024 (approx. reproduction under our protocol)",
  "frac": 1.0,
  "n_images": 1200,
  "seed": 2,
  "miou_global": 0.7351928364397843,
  "per_class": {
    "background": 0.9633169185309042,
    "patches": 0.6180305868429907,
    "inclusion": 0.8195772488976097,
    "scratches": 0.7679706735787524
  },
  "best_epoch": 40,
  "time_s": 449.3
}