{
  "dataset": "neu_seg",
  "method": "ddsnet_approx",
  "label": "DDSNet* (UNet-R50+BndLoss)",
  "paper": "Yin et al., IEEE TIM 2024 (approx. reproduction under our protocol)",
  "frac": 1.0,
  "n_images": 1200,
  "seed": 1,
  "miou_global": 0.7339276275735364,
  "per_class": {
    "background": 0.962677174264413,
    "patches": 0.6423962324413673,
    "inclusion": 0.8036321794516222,
    "scratches": 0.7557544708276194
  },
  "best_epoch": 35,
  "time_s": 449.7
}