{
  "dataset": "neu_seg",
  "method": "ddsnet_approx",
  "label": "DDSNet* (UNet-R50+BndLoss)",
  "paper": "Yin et al., IEEE TIM 2024 (approx. reproduction under our protocol)",
  "frac": 0.05,
  "n_images": 60,
  "seed": 2,
  "miou_global": 0.557581526603287,
  "per_class": {
    "background": 0.9383095534988137,
    "patches": 0.39602117815453475,
    "inclusion": 0.698819450563976,
    "scratches": 0.5779039510913501
  },
  "best_epoch": 75,
  "time_s": 36.8
}