{
  "dataset": "neu_seg",
  "method": "ddsnet_approx",
  "label": "DDSNet* (UNet-R50+BndLoss)",
  "paper": "Yin et al., IEEE TIM 2024 (approx. reproduction under our protocol)",
  "frac": 0.25,
  "n_images": 300,
  "seed": 0,
  "miou_global": 0.6887167071940757,
  "per_class": {
    "background": 0.9575768271639055,
    "patches": 0.5332983459408592,
    "inclusion": 0.7959934397277354,
    "scratches": 0.7368583359136329
  },
  "best_epoch": 65,
  "time_s": 123.5
}