{
  "dataset": "neu_seg",
  "method": "deeplabv3plus",
  "label": "DeepLabV3+",
  "paper": "Chen et al., ECCV 2018 (backbone: He et al., CVPR 2016)",
  "frac": 1.0,
  "n_images": 1200,
  "seed": 1,
  "miou_global": 0.740888737970271,
  "per_class": {
    "background": 0.9651767267319394,
    "patches": 0.6360525072686507,
    "inclusion": 0.8337039020024973,
    "scratches": 0.752909804639665
  },
  "best_epoch": 35,
  "time_s": 211.9
}