{
  "dataset": "neu_seg",
  "method": "deeplabv3plus",
  "label": "DeepLabV3+",
  "paper": "Chen et al., ECCV 2018 (backbone: He et al., CVPR 2016)",
  "frac": 0.25,
  "n_images": 300,
  "seed": 2,
  "miou_global": 0.665814114392629,
  "per_class": {
    "background": 0.9544801129249396,
    "patches": 0.5465273446245165,
    "inclusion": 0.7828772510788706,
    "scratches": 0.6680377474745001
  },
  "best_epoch": 35,
  "time_s": 62.2
}