{
  "dataset": "neu_seg",
  "method": "deeplabv3plus",
  "label": "DeepLabV3+",
  "paper": "Chen et al., ECCV 2018 (backbone: He et al., CVPR 2016)",
  "frac": 0.1,
  "n_images": 120,
  "seed": 1,
  "miou_global": 0.5926461291979969,
  "per_class": {
    "background": 0.9425569602644066,
    "patches": 0.4365754307623813,
    "inclusion": 0.7045847737192326,
    "scratches": 0.6367781831123766
  },
  "best_epoch": 60,
  "time_s": 33.2
}