{
  "dataset": "neu_seg",
  "method": "deeplabv3plus",
  "label": "DeepLabV3+",
  "paper": "Chen et al., ECCV 2018 (backbone: He et al., CVPR 2016)",
  "frac": 0.05,
  "n_images": 60,
  "seed": 2,
  "miou_global": 0.5036648050543757,
  "per_class": {
    "background": 0.9376297036428467,
    "patches": 0.2775437523362898,
    "inclusion": 0.7272425964821848,
    "scratches": 0.5062080663446524
  },
  "best_epoch": 55,
  "time_s": 22.6
}