{
  "dataset": "neu_seg",
  "method": "deeplabv3plus",
  "label": "DeepLabV3+",
  "paper": "Chen et al., ECCV 2018 (backbone: He et al., CVPR 2016)",
  "frac": 0.1,
  "n_images": 120,
  "seed": 0,
  "miou_global": 0.5409153624270245,
  "per_class": {
    "background": 0.9391383681852875,
    "patches": 0.3240832724416603,
    "inclusion": 0.6907608035916772,
    "scratches": 0.6079020112477361
  },
  "best_epoch": 45,
  "time_s": 33.1
}