{
  "dataset": "neu_seg",
  "method": "deeplabv3plus",
  "label": "DeepLabV3+",
  "paper": "Chen et al., ECCV 2018 (backbone: He et al., CVPR 2016)",
  "frac": 0.1,
  "n_images": 120,
  "seed": 2,
  "miou_global": 0.5935284077278946,
  "per_class": {
    "background": 0.945416786555589,
    "patches": 0.3885721126029966,
    "inclusion": 0.7364927387255127,
    "scratches": 0.6555203718551745
  },
  "best_epoch": 60,
  "time_s": 33.2
}