{
  "dataset": "neu_seg",
  "method": "deeplabv3plus",
  "label": "DeepLabV3+",
  "paper": "Chen et al., ECCV 2018 (backbone: He et al., CVPR 2016)",
  "frac": 0.05,
  "n_images": 60,
  "seed": 1,
  "miou_global": 0.5186942688491111,
  "per_class": {
    "background": 0.9308936818974493,
    "patches": 0.3261771205795965,
    "inclusion": 0.6349557716871157,
    "scratches": 0.5949499142806212
  },
  "best_epoch": 45,
  "time_s": 22.6
}