{
  "dataset": "neu_seg",
  "method": "hybrid_trans_approx",
  "label": "Hybrid-Trans* (UPerNet-MiT-B4)",
  "paper": "Sime et al., MTA 2024 (approx. reproduction under our protocol)",
  "frac": 0.1,
  "n_images": 120,
  "seed": 1,
  "miou_global": 0.5822312228208133,
  "per_class": {
    "background": 0.9416611448191872,
    "patches": 0.406576367716013,
    "inclusion": 0.7139524475968299,
    "scratches": 0.6261648531495971
  },
  "best_epoch": 80,
  "time_s": 137.4
}