{
  "dataset": "neu_seg",
  "method": "hybrid_trans_approx",
  "label": "Hybrid-Trans* (UPerNet-MiT-B4)",
  "paper": "Sime et al., MTA 2024 (approx. reproduction under our protocol)",
  "frac": 1.0,
  "n_images": 1200,
  "seed": 1,
  "miou_global": 0.7241150877996372,
  "per_class": {
    "background": 0.9623744681188295,
    "patches": 0.6020913851349093,
    "inclusion": 0.8087799489600453,
    "scratches": 0.761473929303957
  },
  "best_epoch": 70,
  "time_s": 1098.9
}