{
  "dataset": "neu_seg",
  "method": "hybrid_trans_approx",
  "label": "Hybrid-Trans* (UPerNet-MiT-B4)",
  "paper": "Sime et al., MTA 2024 (approx. reproduction under our protocol)",
  "frac": 0.25,
  "n_images": 300,
  "seed": 0,
  "miou_global": 0.6806570956176762,
  "per_class": {
    "background": 0.9554313514234364,
    "patches": 0.549023289134825,
    "inclusion": 0.7855529320420396,
    "scratches": 0.7073950656761638
  },
  "best_epoch": 45,
  "time_s": 294.0
}