{
  "dataset": "neu_seg",
  "method": "mff_metal_approx",
  "label": "MFF-Metal* (UNet++-R34+MultiLoss)",
  "paper": "Li et al., J.Supercomputing 2025 (approx. reproduction under our protocol)",
  "frac": 0.25,
  "n_images": 300,
  "seed": 2,
  "miou_global": 0.688220574956722,
  "per_class": {
    "background": 0.9573545490826939,
    "patches": 0.5443656321211927,
    "inclusion": 0.7902431555798307,
    "scratches": 0.7300529371691427
  },
  "best_epoch": 65,
  "time_s": 173.9
}