{
  "dataset": "neu_seg",
  "method": "sam2_lora",
  "label": "SAM2(frozen)+LoRA+FPN (Ours)",
  "paper": "SAM2: Ravi et al. 2024; LoRA: Hu et al., ICLR 2022",
  "frac": 0.1,
  "n_images": 120,
  "seed": 1,
  "miou_global": 0.7283515784131142,
  "per_class": {
    "background": 0.9627334292029347,
    "patches": 0.6139104102687312,
    "inclusion": 0.8144838189543705,
    "scratches": 0.7566605060162408
  },
  "best_epoch": 9,
  "time_s": 546.5
}