{
  "dataset": "neu_seg",
  "method": "sam2_lora",
  "label": "SAM2(frozen)+LoRA+FPN (Ours)",
  "paper": "SAM2: Ravi et al. 2024; LoRA: Hu et al., ICLR 2022",
  "frac": 0.01,
  "n_images": 12,
  "seed": 2,
  "miou_global": 0.4797120464063262,
  "per_class": {
    "background": 0.942958784919462,
    "patches": 0.03167074204229911,
    "inclusion": 0.7480378673114074,
    "scratches": 0.6594275298652719
  },
  "best_epoch": 28,
  "time_s": 806.5
}