{
  "dataset": "neu_seg",
  "method": "segformer",
  "label": "SegFormer",
  "paper": "Xie et al., NeurIPS 2021",
  "frac": 0.25,
  "n_images": 300,
  "seed": 1,
  "miou_global": 0.6607751925695674,
  "per_class": {
    "background": 0.9543302757021649,
    "patches": 0.49472533966523274,
    "inclusion": 0.782327975883256,
    "scratches": 0.7052722621602137
  },
  "best_epoch": 50,
  "time_s": 48.9
}