{
  "dataset": "neu_seg",
  "method": "segformer",
  "label": "SegFormer",
  "paper": "Xie et al., NeurIPS 2021",
  "frac": 0.05,
  "n_images": 60,
  "seed": 0,
  "miou_global": 0.4745711153618914,
  "per_class": {
    "background": 0.9290804540073374,
    "patches": 0.2815601103123735,
    "inclusion": 0.6461010842992994,
    "scratches": 0.4960521514740014
  },
  "best_epoch": 45,
  "time_s": 22.1
}