{
  "dataset": "neu_seg",
  "method": "segformer",
  "label": "SegFormer",
  "paper": "Xie et al., NeurIPS 2021",
  "frac": 1.0,
  "n_images": 1200,
  "seed": 2,
  "miou_global": 0.7473123593360337,
  "per_class": {
    "background": 0.9641159631410978,
    "patches": 0.6566920323638223,
    "inclusion": 0.8311422030635072,
    "scratches": 0.7541028425807714
  },
  "best_epoch": 30,
  "time_s": 153.7
}