{
  "dataset": "neu_seg",
  "method": "segformer",
  "label": "SegFormer",
  "paper": "Xie et al., NeurIPS 2021",
  "frac": 0.01,
  "n_images": 12,
  "seed": 2,
  "miou_global": 0.256582262255504,
  "per_class": {
    "background": 0.8990934322874069,
    "patches": 0.0,
    "inclusion": 0.5615721094020718,
    "scratches": 0.20817467736444012
  },
  "best_epoch": 50,
  "time_s": 14.8
}