{
  "dataset": "neu_seg",
  "method": "sme_dlv3p_approx",
  "label": "SME-DLV3+* (DLV3+-R50)",
  "paper": "Zhang et al., PLOS One 2025 (approx. reproduction under our protocol)",
  "frac": 0.1,
  "n_images": 120,
  "seed": 0,
  "miou_global": 0.5800058724392748,
  "per_class": {
    "background": 0.9417533314055585,
    "patches": 0.4315953259745428,
    "inclusion": 0.6713100202026216,
    "scratches": 0.6371122711406599
  },
  "best_epoch": 70,
  "time_s": 52.3
}