{
  "dataset": "neu_seg",
  "method": "sme_dlv3p_approx",
  "label": "SME-DLV3+* (DLV3+-R50)",
  "paper": "Zhang et al., PLOS One 2025 (approx. reproduction under our protocol)",
  "frac": 0.1,
  "n_images": 120,
  "seed": 2,
  "miou_global": 0.6038802858663902,
  "per_class": {
    "background": 0.9455171322540992,
    "patches": 0.4481740591651901,
    "inclusion": 0.7473949391055984,
    "scratches": 0.6160718593283819
  },
  "best_epoch": 55,
  "time_s": 52.4
}