{
  "dataset": "neu_seg",
  "method": "sme_dlv3p_approx",
  "label": "SME-DLV3+* (DLV3+-R50)",
  "paper": "Zhang et al., PLOS One 2025 (approx. reproduction under our protocol)",
  "frac": 0.01,
  "n_images": 12,
  "seed": 0,
  "miou_global": 0.2743246801559677,
  "per_class": {
    "background": 0.8976904355914745,
    "patches": 0.06573888668964978,
    "inclusion": 0.4387964585317429,
    "scratches": 0.3184386952465104
  },
  "best_epoch": 80,
  "time_s": 19.0
}