{
  "dataset": "neu_seg",
  "method": "sme_dlv3p_approx",
  "label": "SME-DLV3+* (DLV3+-R50)",
  "paper": "Zhang et al., PLOS One 2025 (approx. reproduction under our protocol)",
  "frac": 0.05,
  "n_images": 60,
  "seed": 1,
  "miou_global": 0.5203272901736316,
  "per_class": {
    "background": 0.9325209980919167,
    "patches": 0.341637167351844,
    "inclusion": 0.6625928696521356,
    "scratches": 0.556751833516915
  },
  "best_epoch": 65,
  "time_s": 32.9
}