{
  "dataset": "neu_seg",
  "method": "unet",
  "label": "U-Net",
  "paper": "Ronneberger et al., MICCAI 2015 (backbone: He et al., CVPR 2016)",
  "frac": 0.25,
  "n_images": 300,
  "seed": 1,
  "miou_global": 0.6848944079447247,
  "per_class": {
    "background": 0.9578072705192923,
    "patches": 0.5293307585776426,
    "inclusion": 0.7936559969707916,
    "scratches": 0.7316964682857398
  },
  "best_epoch": 50,
  "time_s": 72.7
}