{
  "dataset": "neu_seg",
  "method": "unet_imagenet",
  "label": "U-Net (ImageNet)",
  "paper": "Ronneberger et al., MICCAI 2015; ImageNet pretrain: Russakovsky et al., IJCV 2015",
  "frac": 0.25,
  "n_images": 300,
  "seed": 1,
  "miou_global": 0.7121046547481757,
  "per_class": {
    "background": 0.960938216413632,
    "patches": 0.56162082133984,
    "inclusion": 0.8225572421860996,
    "scratches": 0.7521359007185875
  },
  "best_epoch": 50,
  "time_s": 71.0
}