{
  "dataset": "neu_seg",
  "method": "unet_imagenet",
  "label": "U-Net (ImageNet)",
  "paper": "Ronneberger et al., MICCAI 2015; ImageNet pretrain: Russakovsky et al., IJCV 2015",
  "frac": 0.1,
  "n_images": 120,
  "seed": 2,
  "miou_global": 0.6840002020980922,
  "per_class": {
    "background": 0.9539896673879866,
    "patches": 0.5449953388764444,
    "inclusion": 0.7758919131727009,
    "scratches": 0.7311133542451311
  },
  "best_epoch": 45,
  "time_s": 35.7
}