{
  "dataset": "neu_seg",
  "method": "unet",
  "label": "U-Net",
  "paper": "Ronneberger et al., MICCAI 2015 (backbone: He et al., CVPR 2016)",
  "frac": 0.01,
  "n_images": 12,
  "seed": 2,
  "miou_global": 0.19405041153529545,
  "per_class": {
    "background": 0.8939326509887029,
    "patches": 0.0,
    "inclusion": 0.271917980777499,
    "scratches": 0.3102332538283873
  },
  "best_epoch": 60,
  "time_s": 14.9
}